<?xml version="1.0" encoding="utf-16"?>

<ModWindowText xmlns:xsi="http://www.w3.org/2001/XMLSchema-instance" xmlns:xsd="http://www.w3.org/2001/XMLSchema">
  <Title>Kontrola módů selhala</Title>
  <MandatoryModsNotFound>Nenašly se následující povinné modifikace:</MandatoryModsNotFound>
  <MissingExpansions>Chybějící modifikace:</MissingExpansions>
  <MandatoryModsDifferentShaFound>Modifikace se špatným SHA checksumem:</MandatoryModsDifferentShaFound>
  <Link>Link</Link>
  <ForbiddenFilesFound>Zakázané modifikace:</ForbiddenFilesFound>
  <NonListedFilesFound>Nepovinné modifikace:</NonListedFilesFound>
  <MandatoryPartsNotFound>Nutné položky které nebyly nalezeny:</MandatoryPartsNotFound>
  <ForbiddenPartsFound>Zakázané položky které byly nalezeny:</ForbiddenPartsFound>
</ModWindowText>