<?xml version="1.0" encoding="utf-16"?>

<UpdateWindowText xmlns:xsi="http://www.w3.org/2001/XMLSchema-instance" xmlns:xsd="http://www.w3.org/2001/XMLSchema">
  <Title>Nová aktualizace LMP je k dispozici</Title>
  <Text>Nová aktualizace je dostupná k instalaci</Text>
  <StillCompatible>LMP je kompatibilní s aktuální verzí</StillCompatible>
  <NotCompatible>LMP není kompatibilní s aktuální verzí</NotCompatible>
  <Changelog>Změny</Changelog>
  <CurrentVersion>Současná verze LMP:</CurrentVersion>
  <LatestVersion>Nejnovější verze LMP:</LatestVersion>
</UpdateWindowText>