<?xml version="1.0" encoding="utf-16"?>

<ModWindowText xmlns:xsi="http://www.w3.org/2001/XMLSchema-instance" xmlns:xsd="http://www.w3.org/2001/XMLSchema">
  <Title>LunaMultiplayer - Fehlschlag bei Mod-Validierung</Title>
  <MandatoryModsNotFound>Notwendige Mods nicht gefunden:</MandatoryModsNotFound>
  <MissingExpansions>Fehlende Erweiterungen:</MissingExpansions>
  <MandatoryModsDifferentShaFound>Notwendige Mods mit verschiedener SHA gefunden:</MandatoryModsDifferentShaFound>
  <Link>Link</Link>
  <ForbiddenFilesFound>Unzulässige Mods gefunden:</ForbiddenFilesFound>
  <NonListedFilesFound>Nicht gelistete- und unzulässige Mods gefunden:</NonListedFilesFound>
  <MandatoryPartsNotFound>Notwendige Teile nicht gefunden:</MandatoryPartsNotFound>
  <ForbiddenPartsFound>Unzulässige Teile gefunden:</ForbiddenPartsFound>
</ModWindowText>