<?xml version="1.0" encoding="utf-16"?>

<UpdateWindowText xmlns:xsi="http://www.w3.org/2001/XMLSchema-instance" xmlns:xsd="http://www.w3.org/2001/XMLSchema">
  <Title>Neues Update verfügbar</Title>
  <Text>Es ist eine neue LMP Version zum Download verfügbar</Text>
  <StillCompatible>Die installierte LMP Version ist mit der aktuellsten Version kompatibel</StillCompatible>
  <NotCompatible>Deine installierte LMP Version ist NICHT mit der aktuellsten Version kompatibel</NotCompatible>
  <Changelog>Änderungsprotokoll</Changelog>
  <CurrentVersion>Installierte Version:</CurrentVersion>
  <LatestVersion>Aktuellste Version:</LatestVersion>
</UpdateWindowText>