<?xml version="1.0"?>
<ModuleDefinition xmlns:xsi="http://www.w3.org/2001/XMLSchema-instance" xmlns:xsd="http://www.w3.org/2001/XMLSchema">
    <Fields>
        <FieldDefinition>
            <FieldName>seed</FieldName>
        </FieldDefinition>
        <FieldDefinition>
            <FieldName>CometName</FieldName>
        </FieldDefinition>
        <FieldDefinition>
            <FieldName>CometType</FieldName>
        </FieldDefinition>
        <FieldDefinition>
            <FieldName>prefabBaseURL</FieldName>
        </FieldDefinition>
    </Fields>
</ModuleDefinition>