<?xml version="1.0"?>
<ModuleDefinition xmlns:xsi="http://www.w3.org/2001/XMLSchema-instance" xmlns:xsd="http://www.w3.org/2001/XMLSchema">
    <Fields>
        <FieldDefinition>
            <FieldName>displayName</FieldName>
        </FieldDefinition>
        <FieldDefinition>
            <FieldName>sequencePosition</FieldName>
        </FieldDefinition>
        <FieldDefinition>
            <FieldName>sequencePlaySpeed</FieldName>
        </FieldDefinition>
        <FieldDefinition>
            <FieldName>sequenceLength</FieldName>
        </FieldDefinition>
        <FieldDefinition>
            <FieldName>priorityField</FieldName>
        </FieldDefinition>
    </Fields>
    <Methods>
        <MethodDefinition>
            <MethodName>ResetPosition</MethodName>
        </MethodDefinition>
    </Methods>
</ModuleDefinition>