<?xml version="1.0"?>
<ModuleDefinition xmlns:xsi="http://www.w3.org/2001/XMLSchema-instance" xmlns:xsd="http://www.w3.org/2001/XMLSchema">
    <Fields>
        <FieldDefinition>
            <FieldName>crossfeed</FieldName>
        </FieldDefinition>
    </Fields>
    <Methods>
        <MethodDefinition>
            <MethodName>DisableXFeed</MethodName>
        </MethodDefinition>
        <MethodDefinition>
            <MethodName>EnableXFeed</MethodName>
        </MethodDefinition>
        <!--This can be messy-->
        <!--<MethodDefinition>
            <MethodName>Decouple</MethodName>
        </MethodDefinition>-->
        <!--This can be messy-->
        <!--<MethodDefinition>
            <MethodName>Undock</MethodName>
        </MethodDefinition>-->
        <!--This can be messy-->
        <!--<MethodDefinition>
            <MethodName>UndockSameVessel</MethodName>
        </MethodDefinition>-->
    </Methods>
</ModuleDefinition>