<?xml version="1.0"?>
<ModuleDefinition xmlns:xsi="http://www.w3.org/2001/XMLSchema-instance" xmlns:xsd="http://www.w3.org/2001/XMLSchema">
    <Fields>
        <FieldDefinition>
            <FieldName>CoreTempGoalAdjustment</FieldName>
        </FieldDefinition>
        <!--Value changes too often-->
        <!--<FieldDefinition>
            <FieldName>CoreThermalEnergy</FieldName>
            <MaxIntervalInMs>60000</MaxIntervalInMs>
        </FieldDefinition>-->
    </Fields>
</ModuleDefinition>
