<?xml version="1.0"?>
<ModuleDefinition xmlns:xsi="http://www.w3.org/2001/XMLSchema-instance" xmlns:xsd="http://www.w3.org/2001/XMLSchema">
    <Fields>
        <FieldDefinition>
            <FieldName>powerUnitsProduced</FieldName>
        </FieldDefinition>
        <FieldDefinition>
            <FieldName>actualPowerUnitsProduced</FieldName>
        </FieldDefinition>
        <FieldDefinition>
            <FieldName>powerUnitsRequired</FieldName>
        </FieldDefinition>
        <FieldDefinition>
            <FieldName>ControlUnitId</FieldName>
        </FieldDefinition>
        <FieldDefinition>
            <FieldName>DistanceToController</FieldName>
        </FieldDefinition>
        <FieldDefinition>
            <FieldName>deployedOnGround</FieldName>
        </FieldDefinition>
    </Fields>
</ModuleDefinition>