<?xml version="1.0"?>
<ModuleDefinition xmlns:xsi="http://www.w3.org/2001/XMLSchema-instance" xmlns:xsd="http://www.w3.org/2001/XMLSchema">
    <Fields>
        <FieldDefinition>
            <FieldName>isOn</FieldName>
        </FieldDefinition>
        <FieldDefinition>
            <FieldName>uiWriteLock</FieldName>
        </FieldDefinition>
    </Fields>
    <Methods>
        <MethodDefinition>
            <MethodName>LightsOff</MethodName>
        </MethodDefinition>
        <MethodDefinition>
            <MethodName>LightsOn</MethodName>
        </MethodDefinition>
    </Methods>
</ModuleDefinition>