<?xml version="1.0" encoding="utf-16"?>

<DisclaimerDialogText xmlns:xsi="http://www.w3.org/2001/XMLSchema-instance" xmlns:xsd="http://www.w3.org/2001/XMLSchema">
  <Text>
Luna Multiplayer (LMP) partage les informations personnelles suivantes avec le serveur maître et tout serveur auquel vous vous connectez :
a) Votre pseudonyme.
b) Votre "token" de joueur (une chaîne de caractères générée aléatoirement pour vous authentifer).
c) Votre adresse IP (enregistrée sur la console du serveur).

LMP ne contacte aucun autre ordinateur que le serveur auquel vous vous connectez ainsi que le serveur maître.
Pour utiliser LMP, vous devez accepter l'utilisation de ces informations.

Pour plus d'informations - voir les règles s'appliquant aux add-ons KSP
    </Text>
  <Title>LunaMultiPlayer - Clauses d'utilisation</Title>
  <Accept>Accepter</Accept>
  <Decline>Refuser</Decline>
</DisclaimerDialogText>