<?xml version="1.0" encoding="utf-16"?>

<OptionsWindowText xmlns:xsi="http://www.w3.org/2001/XMLSchema-instance" xmlns:xsd="http://www.w3.org/2001/XMLSchema">
  <Title>Options</Title>
  <Language>Langue :</Language>
  <Color>Couleur du joueur :</Color>
  <Red>R :</Red>
  <Green>V :</Green>
  <Blue>B :</Blue>
  <Random>Aléatoire</Random>
  <Set>Appliquer</Set>
  <InterpolationSettings>Paramètres d'Interpolation</InterpolationSettings>
  <EnableInterpolation>Activer l'interpolation</EnableInterpolation>
  <InterpolationOffset>Décalage d'interpolation :</InterpolationOffset>
  <GenerateLmpModControl>Générer le fichier serveur "LMPModControl.xml"</GenerateLmpModControl>
  <GenerateUniverse>Générer l'univers depuis une sauvegarde</GenerateUniverse>
  <NetworkSettings>Paramètres Réseau</NetworkSettings>
  <CannotChangeWhileConnected>Impossible de modifier ces valeurs lorsque vous êtes connecté.</CannotChangeWhileConnected>
  <ResetNetwork>Réinitialisation Réseau</ResetNetwork>
  <Mtu>MTU (défaut : 1408) :</Mtu>
  <AutoExpandMtu>Extension automatique du MTU</AutoExpandMtu>
  <ConnectionTimeout>Délai de connexion (défaut : 15):</ConnectionTimeout>
  <GeneralSettings>Paramètres Généraux</GeneralSettings>
  <IgnoreSyncChecks>Ignorer le contrôle de sécurité (warp sync)</IgnoreSyncChecks>
</OptionsWindowText>