<?xml version="1.0" encoding="utf-16"?>

<ServerListWindowText xmlns:xsi="http://www.w3.org/2001/XMLSchema-instance" xmlns:xsd="http://www.w3.org/2001/XMLSchema">
  <Title>Liste de Serveurs</Title>
  <NoServers>Aucun serveur !</NoServers>
  <Ping>Ping</Ping>
  <Players>Joueurs</Players>
  <MaxPlayers>Joueurs max</MaxPlayers>
  <Mode>Mode</Mode>
  <WarpMode>Warp mode</WarpMode>
  <Terrain>Terrain</Terrain>
  <Cheats>Triche</Cheats>
  <Name>Nom</Name>
  <Description>Description</Description>
  <Website>URL</Website>
  <ServerDetailTitle>Se connecter au serveur</ServerDetailTitle>
  <Password>Mot de passe</Password>
  <Connect>Se connecter</Connect>
  <Dedicated>Dédié</Dedicated>
</ServerListWindowText>