<?xml version="1.0" encoding="utf-16"?>

<OptionsWindowText xmlns:xsi="http://www.w3.org/2001/XMLSchema-instance" xmlns:xsd="http://www.w3.org/2001/XMLSchema">
  <Title>Impostazioni</Title>
  <Language>Lingua:</Language>
  <Color>Colore giocatore:</Color>
  <Red>R:</Red>
  <Green>G:</Green>
  <Blue>B:</Blue>
  <Random>Casuale</Random>
  <Set>Imposta</Set>
  <InterpolationSettings>Impostazioni Interpolazione</InterpolationSettings>
  <EnableInterpolation>Abilita l'interpolazione</EnableInterpolation>
  <InterpolationOffset>Offset di interpolazione:</InterpolationOffset>
  <GenerateLmpModControl>Genera un "LMPModControl.xml" per il server</GenerateLmpModControl>
  <GenerateUniverse>Genera un "Universo" da un salvataggio</GenerateUniverse>
  <NetworkSettings>Impostazioni di rete</NetworkSettings>
  <CannotChangeWhileConnected>Impossibile cambiare i valori mentre si è connessi</CannotChangeWhileConnected>
  <ResetNetwork>Ripristina la rete</ResetNetwork>
  <Mtu>MTU (Predefinito: 1408):</Mtu>
  <AutoExpandMtu>Espansione automatica MTU</AutoExpandMtu>
  <ConnectionTimeout>Timeout connessione (Predefinito: 15):</ConnectionTimeout>
  <GeneralSettings>General settings</GeneralSettings>
  <IgnoreSyncChecks>Ignore warp sync safety checks</IgnoreSyncChecks>
</OptionsWindowText>