<?xml version="1.0" encoding="utf-16"?>

<UpdateWindowText xmlns:xsi="http://www.w3.org/2001/XMLSchema-instance" xmlns:xsd="http://www.w3.org/2001/XMLSchema">
  <Title>Nuovo aggiornamento disponibile</Title>
  <Text>C'è una nuova versione di LMP disponibile per il download</Text>
  <StillCompatible>La tua attuale versione di LMP è compatibile con l'ultima versione</StillCompatible>
  <NotCompatible>La tua attuale versione di LMP non è compatibile con l'ultima versione</NotCompatible>
  <Changelog>Changelog</Changelog>
  <CurrentVersion>La tua versione:</CurrentVersion>
  <LatestVersion>Ultima versione:</LatestVersion>
</UpdateWindowText>