<?xml version="1.0" encoding="utf-16"?>

<AdminWindowText xmlns:xsi="http://www.w3.org/2001/XMLSchema-instance" xmlns:xsd="http://www.w3.org/2001/XMLSchema">
  <Title>Администрирование</Title>
  <Password>Пароль администратора сервера:</Password>
  <ConfirmDialogTitle>Подтверждение</ConfirmDialogTitle>
  <BanText>Вы действительно хотите заблокировать этого игрока?</BanText>
  <KickText>Вы действительно хотите выгнать этого игрока?</KickText>
  <Reason>Причина:</Reason>
</AdminWindowText>