<?xml version="1.0" encoding="utf-16"?>

<InstallDialogText xmlns:xsi="http://www.w3.org/2001/XMLSchema-instance" xmlns:xsd="http://www.w3.org/2001/XMLSchema">
  <Title>Неправильная установка обнаружена!</Title>
  <IncorrectInstall>LunaMultiplayer не правильно установлен.</IncorrectInstall>
  <CurrentLoc>Нынешнее расположение:</CurrentLoc>
  <CorrectLoc>Правильное расположение:</CorrectLoc>
</InstallDialogText>