<?xml version="1.0" encoding="utf-16"?>

<OptionsWindowText xmlns:xsi="http://www.w3.org/2001/XMLSchema-instance" xmlns:xsd="http://www.w3.org/2001/XMLSchema">
  <Title>Настройки</Title>
  <Language>Язык:</Language>
  <Color>Цвет игрока:</Color>
  <Red>Красный:</Red>
  <Green>Зелёные:</Green>
  <Blue>Синий:</Blue>
  <Random>Случайный</Random>
  <Set>Установить</Set>
  <InterpolationSettings>Настройки интерполирования</InterpolationSettings>
  <EnableInterpolation>Включить интерполирования</EnableInterpolation>
  <InterpolationOffset>Смещение интерполирования:</InterpolationOffset>
  <GenerateLmpModControl>Сгенерировать серверный LMPModControl.xml</GenerateLmpModControl>
  <GenerateUniverse>Создать вселенную с сохранёной игры</GenerateUniverse>
  <NetworkSettings>Настройки сети</NetworkSettings>
  <CannotChangeWhileConnected>Нельзя изменить значения когда вы подключены</CannotChangeWhileConnected>
  <ResetNetwork>Сброс настроек сети</ResetNetwork>
  <Mtu>MTU (Стандартный: 1408):</Mtu>
  <AutoExpandMtu>Автоматически расширять MTU</AutoExpandMtu>
  <ConnectionTimeout>Время ожидание подключения(Стандартно: 15):</ConnectionTimeout>
  <GeneralSettings>Основные настройки</GeneralSettings>
  <IgnoreSyncChecks>Игнорировать проверки безопасности при синхронизации</IgnoreSyncChecks>
</OptionsWindowText>