<?xml version="1.0" encoding="utf-16"?>

<ServerListFiltersText xmlns:xsi="http://www.w3.org/2001/XMLSchema-instance" xmlns:xsd="http://www.w3.org/2001/XMLSchema">
  <HideFullServers>Спрятать полные сервера</HideFullServers>
  <HideEmptyServers>Спрятать пустые сервера</HideEmptyServers>
  <HidePrivateServers>Спрятать приватные сервера</HidePrivateServers>
  <DedicatedServersOnly>Показывать только выделенные сервера</DedicatedServersOnly>
</ServerListFiltersText>