<?xml version="1.0" encoding="utf-16"?>

<ModWindowText xmlns:xsi="http://www.w3.org/2001/XMLSchema-instance" xmlns:xsd="http://www.w3.org/2001/XMLSchema">
  <Title>LunaMultiplayer - Modien tunnistaminen epäonnistui.</Title>
  <MandatoryModsNotFound>Pakollisia modeja ei löytynyt:</MandatoryModsNotFound>
  <MissingExpansions>Puuttuvat DLC:t:</MissingExpansions>
  <MandatoryModsDifferentShaFound>Pakollisia modeja eri SHA:lla löytynyt:</MandatoryModsDifferentShaFound>
  <Link>Linkki</Link>
  <ForbiddenFilesFound>Kiellettyjä modeja löytynyt:</ForbiddenFilesFound>
  <NonListedFilesFound>Ei-listattuja- ja kiellettyjä modeja löytynyt:</NonListedFilesFound>
  <MandatoryPartsNotFound>Pakollisia osia ei löytynyt:</MandatoryPartsNotFound>
  <ForbiddenPartsFound>Kiellettyjä osia löytynyt:</ForbiddenPartsFound>
</ModWindowText>