<?xml version="1.0" encoding="utf-16"?>

<OptionsWindowText xmlns:xsi="http://www.w3.org/2001/XMLSchema-instance" xmlns:xsd="http://www.w3.org/2001/XMLSchema">
  <Title>Opciones</Title>
  <Language>Idioma:</Language>
  <Color>Color del jugador:</Color>
  <Red>R:</Red>
  <Green>V:</Green>
  <Blue>A:</Blue>
  <Random>Al azar</Random>
  <Set>Aplicar</Set>
  <InterpolationSettings>Opciones de interpolación</InterpolationSettings>
  <EnableInterpolation>Activar interpolación</EnableInterpolation>
  <InterpolationOffset>Offset:</InterpolationOffset>
  <GenerateLmpModControl>Generar un LMPModControl.xml para servidor</GenerateLmpModControl>
  <GenerateUniverse>Generar un universo a partir de una partida guardada</GenerateUniverse>
  <NetworkSettings>Opciones de red</NetworkSettings>
  <CannotChangeWhileConnected>No se pueden cambiar los valores mientras estés conectado</CannotChangeWhileConnected>
  <ResetNetwork>Resetear la conexión</ResetNetwork>
  <Mtu>MTU (Por defecto: 1408):</Mtu>
  <AutoExpandMtu>Auto expandir MTU</AutoExpandMtu>
  <ConnectionTimeout>Timeout de la conexion (Por defecto: 15):</ConnectionTimeout>
  <GeneralSettings>General settings</GeneralSettings>
  <IgnoreSyncChecks>Ignore warp sync safety checks</IgnoreSyncChecks>
</OptionsWindowText>