<?xml version="1.0" encoding="utf-16"?>

<OptionsWindowText xmlns:xsi="http://www.w3.org/2001/XMLSchema-instance" xmlns:xsd="http://www.w3.org/2001/XMLSchema">
  <Title>选项</Title>
  <Language>语言:</Language>
  <Color>玩家颜色:</Color>
  <Red>R:</Red>
  <Green>G:</Green>
  <Blue>B:</Blue>
  <Random>随机</Random>
  <Set>设置</Set>
  <InterpolationSettings>差值设置</InterpolationSettings>
  <EnableInterpolation>启用插值</EnableInterpolation>
  <InterpolationOffset>差值补偿:</InterpolationOffset>
  <GenerateLmpModControl>生成服务器MOD控制文件 LMPModControl.xml</GenerateLmpModControl>
  <GenerateUniverse>从已保存的存档中生成宇宙</GenerateUniverse>
  <NetworkSettings>网络设置</NetworkSettings>
  <CannotChangeWhileConnected>已连接服务器时不能更改值</CannotChangeWhileConnected>
  <ResetNetwork>重设网络</ResetNetwork>
  <Mtu>MTU (默认: 1408):</Mtu>
  <AutoExpandMtu>自动扩展MTU</AutoExpandMtu>
  <ConnectionTimeout>连接超时 (默认: 15):</ConnectionTimeout>
  <GeneralSettings>常规设置</GeneralSettings>
  <IgnoreSyncChecks>忽略同步检查</IgnoreSyncChecks>
</OptionsWindowText>