<?xml version="1.0" encoding="utf-16"?>

<OptionsWindowText xmlns:xsi="http://www.w3.org/2001/XMLSchema-instance" xmlns:xsd="http://www.w3.org/2001/XMLSchema">
  <Title>Options</Title>
  <Language>Language:</Language>
  <Color>Player color:</Color>
  <Red>R:</Red>
  <Green>G:</Green>
  <Blue>B:</Blue>
  <Random>Random</Random>
  <Set>Set</Set>
  <InterpolationSettings>Interpolation settings</InterpolationSettings>
  <EnableInterpolation>Enable interpolation</EnableInterpolation>
  <InterpolationOffset>Interpolation offset:</InterpolationOffset>
  <GenerateLmpModControl>Generate a server LMPModControl.xml</GenerateLmpModControl>
  <GenerateUniverse>Generate Universe from saved game</GenerateUniverse>
  <NetworkSettings>Network settings</NetworkSettings>
  <CannotChangeWhileConnected>Cannot change values while connected</CannotChangeWhileConnected>
  <ResetNetwork>Reset network</ResetNetwork>
  <Mtu>MTU (Default: 1408):</Mtu>
  <AutoExpandMtu>Auto expand MTU</AutoExpandMtu>
  <ConnectionTimeout>Connection timeout (Default: 15):</ConnectionTimeout>
  <GeneralSettings>General settings</GeneralSettings>
  <IgnoreSyncChecks>Ignore warp sync safety checks</IgnoreSyncChecks>
</OptionsWindowText>